"species","totalrecs","meancount"
"Fox",4776,19.8174273858921
"Wolf",3848,21.0273224043716
"Grizzly",4609,21.1422018348624
"Wolverine",5010,21.0504201680672
